"Name","Industry Level","BGB CP","Total CP","Preferred Outermost","Stick Group"
"Dubai88","8","267,270,503","1,518,526,745","TRUE","Kagura"
"Sunflowerseeds","8","249,892,560","1,047,201,696","FALSE","Em"
"XoD","8","236,218,702","1,270,262,710","FALSE","XoD"
"Ck360","8","172,505,456","788,579,835","TRUE","Ditto"
"Kagura Forger","8","158,470,758","1,288,082,036","TRUE","Kagura"
"• Celine •","8","147,096,598","1,247,050,399","FALSE","XoD"
"-ミミッキュ-","8","133,757,299","877,397,023","FALSE","Em"
"GreenCosmos","8","107,682,926","965,893,429","FALSE","Cosmos"
"Anya Forger","8","96,485,403","1,038,736,205","TRUE","Kagura"
"Aaryan÷아아르얀","8","91,917,202","1,106,917,457","FALSE","Yam"
"KubiKiri","8","90,565,412","939,693,385","FALSE",""
"krypton21","8","85,492,911","959,339,075","FALSE","Kagura"
"Mirkoo","8","82,714,230","1,035,017,835","FALSE",""
"DïttoTokkï","8","81,246,144","931,522,826","TRUE","Ditto"
"Dudu • 듀듀","8","67,775,645","848,635,729","FALSE","XoD"
"JoN Snow","8","67,773,572","922,255,027","TRUE","Jon"
"Müikito","7","61,287,308","844,908,673","TRUE",""
"°miyaong°","8","56,823,628","967,658,639","FALSE",""
"Miiecka","6","56,334,548","868,471,448","FALSE",""
"Sorxas","7","55,631,675","793,118,591","FALSE","Crisis"
"BlessTheBess","7","54,237,256","759,875,898","FALSE",""
"一條","6","53,477,069","1,008,300,291","FALSE",""
"K-Terminator","7","53,294,915","744,943,903","FALSE",""
"Armikoo","7","51,448,693","669,979,618","FALSE","Cengiz"
"Killer Whale Nes","8","49,513,231","810,803,882","FALSE","Cedy"
"Straw-빨대","7","49,263,430","938,994,377","FALSE","Naki"
"Balbazar09","7","49,031,694","633,283,297","TRUE","Cengiz"
"KardanDavar","6","46,951,772","961,774,377","TRUE","Em"
"ČĔNGİZ ĤÃŊ","6","45,384,564","758,749,864","FALSE","Cengiz"
"Ms Lyra01","7","43,701,847","737,071,901","FALSE",""
"고추바사삭Goba","6","42,625,552","933,478,264","FALSE","Goba"
"Hacienda Hattori","6","42,203,846","844,481,902","FALSE",""
"Crami •","7","41,553,462","748,377,139","TRUE","Lucifer"
"Red Bull S","7","40,972,257","894,504,651","FALSE",""
"Latinopoulou1985","7","40,180,924","838,023,955","FALSE","Cosmos"
"LEOO0","6","39,851,246","681,602,623","FALSE","Saki"
"• Lucifér •","6","39,817,061","816,683,900","FALSE","Lucifer"
"Danï","7","38,742,025","772,634,215","FALSE","Cosmos"
"Trouble Crisis","6","37,805,178","685,542,011","FALSE","Crisis"
"- Vacay -","5","36,245,588","806,567,545","TRUE","Yam"
"ƏYamƐ","5","35,718,088","540,351,384","TRUE","Yam"
"SandySQ","7","35,486,818","862,119,147","FALSE",""
"CaMilla","6","35,247,946","729,629,527","FALSE","Cosmos"
"LeXxy","6","34,971,692","720,639,938","FALSE","XoD"
"YyEON • 연","7","33,762,975","800,185,045","FALSE","Naki"
"• Rosé •","5","32,555,305","680,400,293","FALSE","Jon"
"MsAyase","5","32,306,357","669,699,483","FALSE","MsAyase"
"SakiRD","5","31,566,541","569,816,259","TRUE","Saki"
"Amiiiiit","5","31,321,001","685,442,807","FALSE","Jon"
"JamsBong007","5","30,824,625","665,661,804","FALSE",""
"JAÍNA","5","30,647,118","548,953,964","TRUE","Cengiz"
"nana • 나나","6","29,201,885","684,424,998","FALSE",""
"°Boogeyman","6","28,586,265","726,388,407","FALSE",""
"Liraa","6","28,113,272","668,280,136","FALSE",""
"Happy been","6","27,943,647","783,569,500","FALSE",""
"iDrAtlas","5","27,846,045","671,807,957","FALSE",""
"ChuckYTzy","5","27,077,073","523,027,137","FALSE","Chucky"
"주로리","5","27,063,080","764,846,900","FALSE",""
"NABULSI","4","26,971,954","603,450,036","FALSE",""
"Arianne","5","26,639,721","650,521,746","FALSE",""
"aALiyah","5","25,845,606","586,563,876","FALSE",""
"ひなた¥","5","25,558,517","940,598,589","FALSE",""
"The Witch","4","24,409,035","618,969,941","FALSE","Jon"
"J A D E","5","23,885,652","832,181,219","FALSE",""
"ProTein","5","23,429,942","602,333,986","FALSE",""
"×× GENOSSS ××","4","23,143,315","676,147,053","FALSE",""
"PreciousMF","4","22,872,633","605,774,340","FALSE",""
"AccountForSale°","4","22,859,392","584,474,851","FALSE","MsAyase"
"감ㅈㅏ빵","5","22,858,934","735,173,576","FALSE","Naki"
"AllstarS","4","22,255,125","584,676,930","FALSE",""
"ChickyDzy","5","21,767,427","646,643,117","FALSE","Chucky"
"Swindlerella","5","21,193,746","615,753,505","FALSE","Lucifer"
"Kïeva","3","20,900,870","655,755,250","FALSE","Ditto"
"calicooo","4","19,849,142","605,744,524","FALSE",""
"Ahnmi","4","19,715,912","626,820,610","FALSE",""
"ㅂ ㅣ ㄴ ㅣ","4","19,456,691","602,791,882","FALSE",""
"polar bear • 곰","5","19,234,675","614,182,019","FALSE",""
"Stinkycät","4","18,948,867","616,396,722","FALSE","Em"
"kanlaon","4","18,331,146","599,345,271","FALSE",""
"Mics Mad Eye","4","18,178,625","693,575,699","FALSE",""
"qUiinACM소희","5","18,116,954","644,814,218","FALSE","Goba"
"LoVivi","4","17,856,824","634,561,662","FALSE","Ditto"
"RiSA","3","17,077,917","585,036,230","FALSE",""
"Calemaro","4","17,023,653","743,659,073","FALSE",""
"RexB","4","16,735,715","541,922,892","FALSE",""
"차루 CHARU","3","16,628,187","668,533,035","FALSE",""
"도도도치맘-dodo","4","16,120,143","660,385,239","FALSE",""
"immiyu 미유","5","16,093,068","798,697,424","FALSE","Naki"
"meimei","3","15,516,762","528,492,481","FALSE",""
"Aibar92","3","13,189,036","509,765,004","FALSE",""
"KeiN-정약용","3","12,635,235","438,448,554","FALSE",""
"영Zero","4","12,628,079","663,680,036","FALSE",""
"CHiMeRa","3","12,568,297","462,240,024","FALSE","Kagura"
"Ashli","3","9,751,707","387,626,037","FALSE",""
"iamyorbriarrr","3","8,831,185","450,577,732","FALSE",""
"Deadcoffin","4","7,877,220","488,146,058","FALSE",""
"Nelson Madrid","2","5,453,970","428,516,662","FALSE",""